ID Ogłoszenia;Nowa oferta (dzisiaj);Data publikacji / zamieszczenia;Data wykrycia w systemie;Termin składania ofert;Kategoria;Zakres (KD / RCP / SSWiN);Typ jednostki;Zamawiający;Miejscowość;Województwo;Tytuł postępowania;Szacunkowa wartość;Wadium;Wymagania (np. KPZT);Analiza / Podsumowanie;Źródło;Próg przetargowy;Kody CPV;Link do ogłoszenia;Link do SWZ / Platformy Zakupowej
INST-2143-126597a0;TAK (Nowość);2026-10-09;2026-10-09 20:40:57;Sprawdź w ogłoszeniu;BEZPOŚREDNIE (KD / RCP);KD, Bramki/Kołowroty;Urząd / Samorząd;Urząd Miasta Krasnystaw;Krasnystaw;Lubelskie;Biuletyn Informacji Publicznej - Urząd Miasta Krasnystaw;Wg zapytania / SWZ;Sprawdź na stronie ogłoszenia;Ogłoszenie opublikowane na: https://umkrasnystaw.bip.lubelskie.pl/index.php?id=521;🎯 Bezpośrednie zamówienie na systemy BioSys (KD / RCP / Bramki / Szlabany). Zakres obejmuje: KD, Bramki/Kołowroty dla jednostki typu Urząd / Samorząd. Budżet/szacunek: Sprawdź w zapytaniu / SWZ.;Strona WWW / BIP (Urząd);Zapytanie ofertowe / BIP / PZP;Wyszukano na oficjalnej witrynie jednostki;https://umkrasnystaw.bip.lubelskie.pl/index.php?id=521;https://umkrasnystaw.bip.lubelskie.pl/index.php?id=1438
INST-2143-17a6dd09;TAK (Nowość);2026-10-09;2026-10-09 20:40:57;Sprawdź w ogłoszeniu;BEZPOŚREDNIE (KD / RCP);KD, Bramki/Kołowroty;Urząd / Samorząd;Urząd Miasta Krasnystaw;Krasnystaw;Lubelskie;Biuletyn Informacji Publicznej - Urząd Miasta Krasnystaw;Wg zapytania / SWZ;Sprawdź na stronie ogłoszenia;Ogłoszenie opublikowane na: https://umkrasnystaw.bip.lubelskie.pl/index.php?id=943;🎯 Bezpośrednie zamówienie na systemy BioSys (KD / RCP / Bramki / Szlabany). Zakres obejmuje: KD, Bramki/Kołowroty dla jednostki typu Urząd / Samorząd. Budżet/szacunek: Sprawdź w zapytaniu / SWZ.;Strona WWW / BIP (Urząd);Zapytanie ofertowe / BIP / PZP;Wyszukano na oficjalnej witrynie jednostki;https://umkrasnystaw.bip.lubelskie.pl/index.php?id=943;https://umkrasnystaw.bip.lubelskie.pl/index.php?id=1438
INST-2143-59fac7df;TAK (Nowość);2026-10-09;2026-10-09 20:40:57;Sprawdź w ogłoszeniu;BEZPOŚREDNIE (KD / RCP);KD, Bramki/Kołowroty;Urząd / Samorząd;Urząd Miasta Krasnystaw;Krasnystaw;Lubelskie;Biuletyn Informacji Publicznej - Urząd Miasta Krasnystaw;Wg zapytania / SWZ;Sprawdź na stronie ogłoszenia;Ogłoszenie opublikowane na: https://umkrasnystaw.bip.lubelskie.pl/index.php?id=972;🎯 Bezpośrednie zamówienie na systemy BioSys (KD / RCP / Bramki / Szlabany). Zakres obejmuje: KD, Bramki/Kołowroty dla jednostki typu Urząd / Samorząd. Budżet/szacunek: Sprawdź w zapytaniu / SWZ.;Strona WWW / BIP (Urząd);Zapytanie ofertowe / BIP / PZP;Wyszukano na oficjalnej witrynie jednostki;https://umkrasnystaw.bip.lubelskie.pl/index.php?id=972;https://umkrasnystaw.bip.lubelskie.pl/index.php?id=1438
INST-550-1c7b47cb;TAK (Nowość);2026-10-09;2026-10-09 20:40:58;Sprawdź w ogłoszeniu;BEZPOŚREDNIE (KD / RCP);KD;Szpital / Medycyna;NARODOWY INSTYTUT KARDIOLOGII STEFANA KARDYNAŁA WYSZYŃSKIEGO PAŃSTWOWY INSTYTUT BADAWCZY - SZPITAL;Warszawa;Mazowieckie;Narodowy Instytut Kardiologii - Państwowy Instytut Badawczy - Zapytanie ofertowe – dostawa, konfiguracja i uruchomienie systemu kontroli dostępu SALTO;Wg zapytania / SWZ;Sprawdź na stronie ogłoszenia;Ogłoszenie opublikowane na: https://bip.ikard.pl/ogloszenia/zapytanie-ofertowe-dostawa-konfiguracja-i-uruchomienie-systemu-kontroli-dostepu-salto.html;🎯 Bezpośrednie zamówienie na systemy BioSys (KD / RCP / Bramki / Szlabany). Zakres obejmuje: KD dla jednostki typu Szpital / Medycyna. Budżet/szacunek: Sprawdź w zapytaniu / SWZ.;Strona WWW / BIP (Szpital);Zapytanie ofertowe / BIP / PZP;Wyszukano na oficjalnej witrynie jednostki;https://bip.ikard.pl/ogloszenia/zapytanie-ofertowe-dostawa-konfiguracja-i-uruchomienie-systemu-kontroli-dostepu-salto.html;https://bip.ikard.pl/web.html
INST-2143-8728b7fd;TAK (Nowość);2026-10-09;2026-10-09 20:41:04;Sprawdź w ogłoszeniu;BEZPOŚREDNIE (KD / RCP);KD, Bramki/Kołowroty;Urząd / Samorząd;Urząd Miasta Krasnystaw;Krasnystaw;Lubelskie;Biuletyn Informacji Publicznej - Urząd Miasta Krasnystaw;Wg zapytania / SWZ;Sprawdź na stronie ogłoszenia;Ogłoszenie opublikowane na: https://umkrasnystaw.bip.lubelskie.pl/index.php?id=992;🎯 Bezpośrednie zamówienie na systemy BioSys (KD / RCP / Bramki / Szlabany). Zakres obejmuje: KD, Bramki/Kołowroty dla jednostki typu Urząd / Samorząd. Budżet/szacunek: Sprawdź w zapytaniu / SWZ.;Strona WWW / BIP (Urząd);Zapytanie ofertowe / BIP / PZP;Wyszukano na oficjalnej witrynie jednostki;https://umkrasnystaw.bip.lubelskie.pl/index.php?id=992;https://umkrasnystaw.bip.lubelskie.pl/index.php?id=1438
INST-1090-4485fbc7;TAK (Nowość);2026-10-09;2026-10-09 20:42:21;Sprawdź w ogłoszeniu;BEZPOŚREDNIE (KD / RCP);RCP;Szpital / Medycyna;SZPITAL IMIENIA FRIEDRICHA LANGE W NOWYM MIEŚCIE LUBAWSKIM;Nowe Miasto Lubawskie;Warmińsko-mazurskie;Szpital Powiatowy w Nowym MieÅcie Lubawskim sp. z o.o.;Wg zapytania / SWZ;Sprawdź na stronie ogłoszenia;Ogłoszenie opublikowane na: https://bip.szpitalnml.pl/szpital.jpg;🎯 Bezpośrednie zamówienie na systemy BioSys (KD / RCP / Bramki / Szlabany). Zakres obejmuje: RCP dla jednostki typu Szpital / Medycyna. Budżet/szacunek: Sprawdź w zapytaniu / SWZ.;Strona WWW / BIP (Szpital);Zapytanie ofertowe / BIP / PZP;Wyszukano na oficjalnej witrynie jednostki;https://bip.szpitalnml.pl/szpital.jpg;https://platformazakupowa.pl/pn/szpital_nml
INST-1657-70345255;TAK (Nowość);2026-10-09;2026-10-09 20:42:54;Sprawdź w ogłoszeniu;BEZPOŚREDNIE (KD / RCP);RCP;Szpital / Medycyna;SZPITAL;Sosnowiec;Śląskie;Sosnowiecki Szpital Miejski Sp. z o.o. w restrukturyzacji;Wg zapytania / SWZ;Sprawdź na stronie ogłoszenia;Ogłoszenie opublikowane na: https://www.szpital.sosnowiec.pl/zamowienia/zaproszenie-do-udzialu-w-konsultacjach-rejestracja-czasu-pracy/;🎯 Bezpośrednie zamówienie na systemy BioSys (KD / RCP / Bramki / Szlabany). Zakres obejmuje: RCP dla jednostki typu Szpital / Medycyna. Budżet/szacunek: Sprawdź w zapytaniu / SWZ.;Strona WWW / BIP (Szpital);Zapytanie ofertowe / BIP / PZP;Wyszukano na oficjalnej witrynie jednostki;https://www.szpital.sosnowiec.pl/zamowienia/zaproszenie-do-udzialu-w-konsultacjach-rejestracja-czasu-pracy/;http://bip.szpital.sosnowiec.pl
PZ-1385492;TAK (Nowość);2026-10-05 10:06:00;2026-10-09 14:23:02;2026-10-12 08:00;BEZPOŚREDNIE (KD / RCP);KD, Szlabany/Parking;Wojsko / Służby;Komenda Wojewódzka Policji we Wrocławiu;Jeleniej Górze;;Dostawa i montaż szlabanu parkingowego na terenie Komisariatu I Policji w Jeleniej Górze.;Wg zapytania ofertowego / SWZ;Sprawdź na karcie postępowania;Pełna dokumentacja techniczna (OPZ/SWZ) do pobrania bez logowania na karcie transakcji.;🎯 Bezpośrednie zamówienie na systemy BioSys (KD / RCP / Bramki / Szlabany). Wykryte elementy: automatyka parkingowa i szlabany wjazdowe. Budżet/szacunek: Zapytanie ofertowe / PZP (Platforma Zakupowa).;Platforma Zakupowa (<130k i PZP);Poniżej 130 tys. zł / Platforma;Postępowanie na platformazakupowa.pl;https://platformazakupowa.pl/transakcja/1385492;https://platformazakupowa.pl/transakcja/1385492
SPZP-FZA.2510.10.2025/WKR/1/ŁB;TAK (Nowość);11-06-2025;2026-10-09 17:13:19;Sprawdź na karcie;BEZPOŚREDNIE (KD / RCP);KD;Inna jednostka;Centralny Port Komunikacyjny Sp. z o.o.;;;Określenia potrzeb i możliwości zaprojektowania i wykonania ogrodzenia, terenu inwestycji CPK wraz z bramami, biurami przepustek, systemami zabezpieczeń i kontroli dostępu oraz Centrum Zarządzania tymi systemami;Sprawdź w dokumentacji;Nie podano;;🎯 Bezpośrednie zamówienie na systemy BioSys (KD / RCP / Bramki / Szlabany). Zakres obejmuje: KD dla jednostki typu Inna jednostka. Budżet/szacunek: Sprawdź na platformie.;SmartPZP (Portal e-Usług);PZP / Regulamin wewnętrzny;Karty / KD / RCP;https://portal.smartpzp.pl/cpk/public/postepowanie?postepowanie=80670205;https://portal.smartpzp.pl/cpk/public/postepowanie?postepowanie=80670205
INST-2143-0fe7bc74;TAK (Nowość);2026-10-09;2026-10-09 20:40:57;Sprawdź w ogłoszeniu;BEZPOŚREDNIE (KD / RCP);KD, Bramki/Kołowroty;Urząd / Samorząd;Urząd Miasta Krasnystaw;Krasnystaw;Lubelskie;ZMIANA PLANU W REJONIE ULIC: WSPÓLNEJ, ŁĄKOWEJ, TOPOLOWEJ, BOCIANIEJ, RYBIEJ, KOŁOWRÓT I KOŚCIUSZKI W KRASNYMSTAWIE;Wg zapytania / SWZ;Sprawdź na stronie ogłoszenia;Ogłoszenie opublikowane na: https://umkrasnystaw.bip.lubelskie.pl/index.php?id=992;🎯 Bezpośrednie zamówienie na systemy BioSys (KD / RCP / Bramki / Szlabany). Wykryte elementy: bramki obrotowe / kołowroty / bramki uchylne. Budżet/szacunek: Sprawdź w zapytaniu / SWZ.;Strona WWW / BIP (Urząd);Zapytanie ofertowe / BIP / PZP;Wyszukano na oficjalnej witrynie jednostki;https://umkrasnystaw.bip.lubelskie.pl/index.php?id=992;https://umkrasnystaw.bip.lubelskie.pl/index.php?id=1438
PZ-1378987;NIE;2026-10-09;2026-09-30 12:28:50;2026-10-26 11:00;BEZPOŚREDNIE (KD / RCP);KD;Uczelnia / Szkoła;Uniwersytet Warmińsko-Mazurski w Olsztynie;Olsztyn;;385/2026/PN/DZP „Modernizacja systemu kontroli dostępu w uniwersyteckim domu rotacyjnym przy ul. Dybowskiego 7 w Olsztynie”;Wg zapytania / SWZ;Sprawdź na karcie postępowania;Brak załączników na karcie;🎯 Bezpośrednie zamówienie na systemy BioSys (KD / RCP / Bramki / Szlabany). Zakres obejmuje: KD dla jednostki typu Uczelnia / Szkoła. Budżet/szacunek: Platforma Zakupowa / PZP.;Platforma Zakupowa (<130k i PZP);Poniżej 130 tys. zł / Platforma;Wyszukano przez Agenta Przeglądarkowego;https://platformazakupowa.pl/transakcja/1378987;https://platformazakupowa.pl/transakcja/1378987
TED-670215-2026;NIE;2026-09-29;2026-10-01 17:33:27;Sprawdź w ogłoszeniu TED;BEZPOŚREDNIE (KD / RCP);KD;Urząd / Samorząd;Województwo Lubelskie - Lubelskie Centrum Innowacji i Technologii;Lublin;;Polska – System kontroli dostępu – Dostawa, montaż i uruchomienie zdalnego, opartego na technologii NFC dostępu do szaf telekomunikacyjnych Lubelskiej Regionalnej Sieci Szerokopasmowej;Powyżej progu UE;Sprawdź w dokumentacji TED;Postępowanie unijne (JEDZ / kwalifikowany podpis elektroniczny).;🎯 Bezpośrednie zamówienie na systemy BioSys (KD / RCP / Bramki / Szlabany). Zakres obejmuje: KD dla jednostki typu Urząd / Samorząd. Budżet/szacunek: Powyżej progu unijnego (TED).;TED (Dziennik Urzędowy UE);Powyżej progów UE (TED);42961100 51900000 42961100 51900000;https://ted.europa.eu/pl/notice/-/detail/670215-2026;https://ted.europa.eu/pl/notice/-/detail/670215-2026
BZP-2026/BZP 00459781/01;NIE;2026-09-28;2026-09-30 12:28:50;2026-10-14 07:00;BEZPOŚREDNIE (KD / RCP);KD, Szlabany/RFID;Urząd / Samorząd;Miasto Stołeczne Warszawa Dzielnica Praga-Północ;Warszawa;mazowieckie;„Rozbudowa systemu kontroli dostępu do bramy wjazdowej, furtki wejściowej oraz montaż szlabanu na parking Urzędu Dzielnicy Praga-Północ przy ul. Kłopotowskiego 15 w Warszawie”.;Brak w ogłoszeniu;Nie wymagane / brak danych;Standardowe warunki z SWZ;🎯 Bezpośrednie zamówienie na systemy KD / RCP / Zabezpieczenia. Wykryte elementy: czytniki/karty zbliżeniowe (RFID/Mifare), automatyka przejść (szlabany/bramki/kołowroty), elementy wykonawcze przejść (zwory/elektrozaczepy).;e-Zamówienia (BZP);Powyżej 130 tys. zł (PZP);45314000-1, 45314300-4, 42961100-1, 45311100-1, 45310000-3;https://ezamowienia.gov.pl/mp-client/search/list/ocds-148610-91b8c37a-22ec-4cc2-a326-f64a5d94e727;https://zamowienia.um.warszawa.pl/pn/umw/demand/322282/notice/public/details
